{"i":1000,"val_loss_history":[1.7510534497302],"val_loss_history_it":[1000],"forward_backward_times":{},"opt":{"max_epochs":50,"checkpoint_every":1000,"batch_size":50,"memory_benchmark":0,"init_from":"","grad_clip":5,"model_type":"lstm","lr_decay_every":5,"print_every":1,"wordvec_size":64,"seq_length":50,"input_json":"data\/big.json","num_layers":2,"input_h5":"data\/big.h5","reset_iterations":1,"rnn_size":128,"dropout":0,"checkpoint_name":"cv\/checkpoint","batchnorm":0,"learning_rate":0.002,"speed_benchmark":0,"gpu_backend":"cuda","lr_decay_factor":0.5,"gpu":-1},"train_loss_history":[4.529595375061,4.4004378318787,4.2060775756836,3.973249912262,3.7726860046387,3.5854859352112,3.4598023891449,3.3243813514709,3.2306010723114,3.201155424118,3.201043844223,3.1418540477753,3.1135339736938,3.1614649295807,3.1542201042175,3.1640625,3.1907622814178,3.1359231472015,3.0849461555481,3.1961989402771,3.1301441192627,3.1674182415009,3.1571655273438,3.2072737216949,3.1917872428894,3.1715838909149,3.1556425094604,3.1748776435852,3.1771051883698,3.1399688720703,3.1233510971069,3.1728408336639,3.1428809165955,3.1272115707397,3.1390268802643,3.1024267673492,3.1366245746613,3.1611657142639,3.1299178600311,3.0573632717133,3.085381269455,3.072030544281,3.0724232196808,3.0943520069122,3.1038644313812,3.0760519504547,3.0267081260681,3.0034816265106,3.0448846817017,3.0123019218445,3.1249752044678,2.9818069934845,3.0158798694611,2.9942207336426,2.937371969223,2.9348697662354,2.9231922626495,2.9203970432281,2.8806731700897,2.9030768871307,2.9202365875244,2.9426965713501,2.8536026477814,2.9224469661713,2.837916135788,2.8471987247467,2.8210036754608,2.8382534980774,2.7942926883698,2.8596813678741,2.7453629970551,2.7750444412231,2.7487115859985,2.7442584037781,2.745641708374,2.7936124801636,2.7879796028137,2.702472448349,2.7458679676056,2.7875292301178,2.6733548641205,2.7296497821808,2.6952471733093,2.6589570045471,2.6739115715027,2.5983994007111,2.6699101924896,2.6711852550507,2.7095220088959,2.7251920700073,2.6802270412445,2.6631190776825,2.5910665988922,2.5689141750336,2.5748071670532,2.7256424427032,2.601879119873,2.5716435909271,2.5120596885681,2.6212754249573,2.6273477077484,2.5095965862274,2.5063989162445,2.548273563385,2.5609428882599,2.6286954879761,2.5690274238586,2.5589728355408,2.4617297649384,2.5313875675201,2.4788262844086,2.4882493019104,2.6003415584564,2.6021032333374,2.5518608093262,2.5865657329559,2.5970695018768,2.5681195259094,2.5520412921906,2.5219841003418,2.5291192531586,2.5286729335785,2.5036900043488,2.4772961139679,2.4742658138275,2.4359951019287,2.5265312194824,2.4460701942444,2.4733693599701,2.3788011074066,2.484578371048,2.4101963043213,2.4304807186127,2.4391670227051,2.4269111156464,2.4306333065033,2.4557855129242,2.41890001297,2.4869351387024,2.4943249225616,2.4876465797424,2.5238919258118,2.5212135314941,2.4244468212128,2.3442070484161,2.4462971687317,2.3693487644196,2.4376590251923,2.5003824234009,2.4565906524658,2.4189925193787,2.4057896137238,2.3679225444794,2.4419004917145,2.3845639228821,2.436637878418,2.4918682575226,2.3380897045135,2.4010105133057,2.3904402256012,2.3275032043457,2.4263019561768,2.4187541007996,2.3767328262329,2.3912236690521,2.4017810821533,2.3530578613281,2.3121213912964,2.3501119613647,2.3983345031738,2.3416125774384,2.390837430954,2.3155257701874,2.3770852088928,2.3827805519104,2.3999547958374,2.3827979564667,2.3457734584808,2.3499870300293,2.3149292469025,2.3632986545563,2.3230345249176,2.3258526325226,2.3192577362061,2.3633377552032,2.3214550018311,2.3917393684387,2.3215954303741,2.3213932514191,2.3343799114227,2.331871509552,2.3836460113525,2.3367741107941,2.2770850658417,2.3615627288818,2.3404402732849,2.2879419326782,2.3321688175201,2.2749483585358,2.2736666202545,2.324958562851,2.2795240879059,2.3104286193848,2.250031709671,2.2949686050415,2.2664487361908,2.2627623081207,2.2895784378052,2.2629630565643,2.2322590351105,2.2529470920563,2.2147550582886,2.2207775115967,2.2327227592468,2.2809281349182,2.1844487190247,2.3331663608551,2.2411389350891,2.2822360992432,2.2372741699219,2.2914180755615,2.2623076438904,2.2506532669067,2.2637786865234,2.2640483379364,2.2184438705444,2.2786681652069,2.2333340644836,2.2442452907562,2.1894450187683,2.2270519733429,2.2261343002319,2.2493014335632,2.2232477664948,2.2131330966949,2.1662333011627,2.2171049118042,2.2566902637482,2.2086532115936,2.1624836921692,2.2110600471497,2.2537243366241,2.2107880115509,2.1706199645996,2.1964311599731,2.1812560558319,2.1946339607239,2.2139933109283,2.1770598888397,2.2078697681427,2.1563153266907,2.181364774704,2.18221783638,2.2082047462463,2.1665894985199,2.2328493595123,2.2009727954865,2.1767749786377,2.179895401001,2.154913187027,2.1685571670532,2.1310138702393,2.1439945697784,2.1495733261108,2.151698589325,2.1738111972809,2.11634516716,2.2463459968567,2.2116236686707,2.1332376003265,2.1568360328674,2.1921241283417,2.21089220047,2.2165467739105,2.1349911689758,2.1522262096405,2.0994410514832,2.1490712165833,2.1720912456512,2.1517884731293,2.1785223484039,2.1267158985138,2.2221705913544,2.2002851963043,2.1945080757141,2.1633317470551,2.1748323440552,2.1793873310089,2.1626803874969,2.1827201843262,2.1331262588501,2.2140381336212,2.114027261734,2.1111855506897,2.12615442276,2.1516754627228,2.092752456665,2.2131745815277,2.1377453804016,2.0639555454254,2.111457824707,2.0996267795563,2.1204504966736,2.1629874706268,2.0495343208313,2.1108186244965,2.1115040779114,2.0607190132141,2.0812182426453,2.0935885906219,2.1175618171692,2.0772807598114,2.0913074016571,2.1385869979858,2.1290926933289,2.0413208007812,2.0480446815491,2.090158700943,2.0599448680878,2.0646324157715,2.0799844264984,2.0961356163025,2.049923658371,2.0996170043945,2.1163196563721,2.1118838787079,2.0908136367798,2.1613988876343,2.0999360084534,2.1593894958496,2.0245759487152,2.0832154750824,2.1215596199036,2.0908772945404,2.0285379886627,2.1422889232635,2.0773689746857,2.0611848831177,2.0880672931671,2.0604071617126,2.0640289783478,2.0673303604126,2.0743234157562,2.0885531902313,2.074880361557,2.1362400054932,2.1261184215546,2.184642791748,2.1227200031281,2.1546611785889,2.1030602455139,2.1103160381317,2.0841286182404,2.1310219764709,2.0453290939331,2.0828874111176,2.0913140773773,2.1519551277161,2.1229519844055,2.0289545059204,2.0466525554657,2.0633111000061,2.0429580211639,2.0631649494171,2.0695059299469,2.0654625892639,2.0860612392426,1.9993273019791,2.0598647594452,2.0660190582275,2.0884668827057,2.0221395492554,2.0418539047241,2.0485219955444,2.1077351570129,2.0041556358337,2.0908985137939,2.1135635375977,2.0755913257599,2.0183639526367,2.0820753574371,2.043023109436,2.0151901245117,2.0466494560242,2.0022609233856,2.0166263580322,2.0110833644867,2.0245680809021,2.0082738399506,1.9795777797699,2.0755875110626,2.0711681842804,2.0148146152496,2.0348434448242,2.091340303421,2.0180730819702,2.0587103366852,1.9832859039307,2.0082852840424,1.9986817836761,2.0627307891846,1.9797515869141,2.0173423290253,2.0206985473633,2.0127968788147,1.9839953184128,2.0199048519135,2.0425794124603,2.0449213981628,2.0080451965332,2.0231459140778,1.9583908319473,2.0425555706024,2.0002644062042,2.070244550705,1.9669073820114,1.9723693132401,2.0605638027191,2.0021510124207,1.9687361717224,1.9782328605652,1.9441605806351,1.9654564857483,1.9830117225647,2.0338852405548,1.9669607877731,1.9839923381805,1.9780670404434,2.0378746986389,1.9877251386642,1.9210542440414,1.9772123098373,1.9378199577332,2.0005478858948,1.9273873567581,1.8979173898697,1.9576400518417,1.9877289533615,1.9425439834595,1.9744062423706,1.9804604053497,1.929478764534,1.9269878864288,1.975359916687,1.9691078662872,2.0005967617035,1.9776510000229,2.0599737167358,1.9366862773895,2.0211412906647,1.9997121095657,1.9556144475937,1.9382532835007,1.9312968254089,1.9442734718323,1.9635269641876,1.9829413890839,1.9903497695923,1.9471031427383,2.0013883113861,1.969315290451,1.9788010120392,1.974594950676,2.0030663013458,1.991587638855,2.0114622116089,