{"i":1000,"val_loss_history":[1.7336368262768],"val_loss_history_it":[1000],"forward_backward_times":{},"opt":{"max_epochs":50,"checkpoint_every":1000,"batch_size":50,"memory_benchmark":0,"init_from":"","grad_clip":5,"model_type":"lstm","lr_decay_every":5,"print_every":1,"wordvec_size":64,"seq_length":50,"input_json":"data\/tiny-shakespeare.json","num_layers":2,"input_h5":"data\/tiny-shakespeare.h5","reset_iterations":1,"rnn_size":128,"dropout":0,"checkpoint_name":"cv\/checkpoint","batchnorm":0,"learning_rate":0.002,"speed_benchmark":0,"gpu_backend":"cuda","lr_decay_factor":0.5,"gpu":-1},"train_loss_history":[4.1936573982239,4.0962166786194,3.9596946239471,3.7993268966675,3.6389367580414,3.5372352600098,3.4448039531708,3.4294152259827,3.3625581264496,3.3880944252014,3.4026074409485,3.3271617889404,3.4106605052948,3.317512512207,3.3261528015137,3.3125476837158,3.2742731571198,3.28959608078,3.2541868686676,3.2856636047363,3.2725141048431,3.3151004314423,3.2860662937164,3.2695236206055,3.2983930110931,3.2297034263611,3.2613205909729,3.2351386547089,3.177059173584,3.226535320282,3.1620445251465,3.1819930076599,3.1036736965179,3.1373507976532,3.1085247993469,3.1578752994537,3.1182208061218,3.1233747005463,3.0715522766113,3.0355834960938,3.0032696723938,2.9950006008148,3.0207760334015,2.9888844490051,3.0157670974731,2.9752321243286,2.9462859630585,2.9448149204254,2.9503502845764,2.8953702449799,2.8608567714691,2.8516507148743,2.8689124584198,2.8619010448456,2.7665288448334,2.793684720993,2.779180765152,2.7930254936218,2.7914841175079,2.7550845146179,2.7518424987793,2.7171449661255,2.6926229000092,2.7288188934326,2.673189163208,2.6869647502899,2.6812450885773,2.6856181621552,2.6567323207855,2.694365978241,2.6787536144257,2.584743976593,2.5949494838715,2.612636089325,2.5806949138641,2.5560622215271,2.5887694358826,2.5391898155212,2.6255714893341,2.5557346343994,2.5596313476562,2.5453238487244,2.5302717685699,2.5423827171326,2.5636873245239,2.5645108222961,2.4926979541779,2.5580177307129,2.4925782680511,2.4994540214539,2.4901041984558,2.4936175346375,2.4385464191437,2.4613745212555,2.4957141876221,2.4917616844177,2.5136680603027,2.3979589939117,2.440324306488,2.4508063793182,2.4487993717194,2.424797296524,2.3893554210663,2.4367804527283,2.3975222110748,2.4318215847015,2.4534499645233,2.3530225753784,2.3472645282745,2.3834545612335,2.3810076713562,2.4419300556183,2.4349250793457,2.3601596355438,2.4118180274963,2.3663756847382,2.4398872852325,2.3424220085144,2.3596489429474,2.3460128307343,2.3364596366882,2.331013917923,2.3529014587402,2.3657863140106,2.3749964237213,2.3396556377411,2.3480834960938,2.3459305763245,2.309549331665,2.3076522350311,2.3172862529755,2.3217227458954,2.3368446826935,2.3072078227997,2.2924861907959,2.3209917545319,2.3373770713806,2.305335521698,2.3013226985931,2.2853603363037,2.3198869228363,2.3124172687531,2.3760170936584,2.3290410041809,2.2427752017975,2.3141326904297,2.2616436481476,2.2939434051514,2.3065733909607,2.2908926010132,2.2737858295441,2.277628660202,2.2644140720367,2.2827553749084,2.2630274295807,2.280015707016,2.2515122890472,2.2483472824097,2.269425868988,2.2797141075134,2.2729759216309,2.2842373847961,2.2548801898956,2.2615942955017,2.1826460361481,2.2339532375336,2.2115931510925,2.2263467311859,2.2153055667877,2.1990311145782,2.2300407886505,2.2004442214966,2.2581508159637,2.236763715744,2.2634596824646,2.2425541877747,2.2107357978821,2.1985538005829,2.2443876266479,2.2022268772125,2.2062153816223,2.2228286266327,2.1818251609802,2.2136151790619,2.1585464477539,2.1632497310638,2.1751925945282,2.2098393440247,2.173876285553,2.206570148468,2.2075853347778,2.2015447616577,2.2161066532135,2.1370861530304,2.1745705604553,2.165962934494,2.1753349304199,2.1717529296875,2.1072766780853,2.1756551265717,2.1200807094574,2.1325206756592,2.1172301769257,2.2262229919434,2.1370038986206,2.1828992366791,2.218644618988,2.1015846729279,2.1491553783417,2.1710786819458,2.1626102924347,2.1034200191498,2.1196541786194,2.1095192432404,2.1476068496704,2.179550409317,2.1425404548645,2.1209092140198,2.1888961791992,2.1992576122284,2.1547904014587,2.0688257217407,2.1280164718628,2.1003830432892,2.1210463047028,2.1242873668671,2.1826779842377,2.1525902748108,2.111261844635,2.1168811321259,2.1027398109436,2.1300172805786,2.0802383422852,2.1065862178802,2.1111259460449,2.0930192470551,2.0933585166931,2.0943164825439,2.0735032558441,2.1030495166779,2.0763266086578,2.0730926990509,2.0876655578613,2.0434429645538,2.1281800270081,2.0777380466461,2.087325334549,2.0609023571014,2.1013000011444,2.0945887565613,2.1543529033661,2.1202807426453,2.1037781238556,2.0721251964569,2.0982432365417,2.0854113101959,2.0824210643768,2.0909624099731,2.0852382183075,2.0647253990173,2.0743165016174,2.1026182174683,2.1095044612885,2.0172097682953,2.0846726894379,2.0564613342285,2.0400340557098,2.0620834827423,2.0524256229401,2.0659294128418,2.0474874973297,2.0617496967316,2.089075088501,2.0504219532013,2.0785999298096,2.0660119056702,2.0453000068665,2.055915594101,2.0407655239105,2.0412168502808,2.0240819454193,2.0287609100342,2.0302093029022,2.0638537406921,2.0198018550873,2.046760559082,2.0364739894867,2.0337514877319,2.0317420959473,2.0493519306183,2.0327625274658,2.0004918575287,1.9808064699173,2.0235226154327,2.0397288799286,1.9933959245682,2.0214691162109,1.9860782623291,2.0952446460724,2.0037620067596,2.0516278743744,2.0271360874176,1.9914602041245,2.0047850608826,2.0735113620758,2.0546295642853,2.0473403930664,2.0505473613739,2.0166690349579,2.0235059261322,2.00359582901,1.994144320488,1.9921236038208,1.9691963195801,1.9717409610748,1.9943339824677,2.0209114551544,2.009836435318,1.9927825927734,2.0253684520721,2.0026061534882,2.0320024490356,1.9974374771118,1.9637552499771,2.0111129283905,2.015230178833,1.9938888549805,1.9774990081787,1.9723799228668,1.9735254049301,2.020423412323,1.9932615756989,2.0492646694183,2.0133244991302,1.9825460910797,2.0077795982361,1.9727263450623,2.0195491313934,1.9459023475647,1.9583287239075,2.0007545948029,1.9637011289597,1.9427325725555,2.0212914943695,1.9649455547333,2.0448913574219,1.9562611579895,1.9645552635193,1.9688469171524,1.9549033641815,1.9646933078766,1.9596381187439,1.943291425705,1.9916687011719,1.9632136821747,2.0390894412994,2.0235774517059,1.9279021024704,1.9567846059799,1.920703291893,1.9808799028397,1.9412347078323,1.9699045419693,1.9353877305984,1.9518957138062,1.9657869338989,1.926586151123,1.9143840074539,1.9143925905228,1.9439125061035,2.0011880397797,1.9901658296585,1.9466781616211,1.9339165687561,1.9315207004547,1.9458270072937,1.9017217159271,1.9263570308685,1.8988646268845,1.8724949359894,1.9597570896149,1.8963392972946,1.9033724069595,1.8814883232117,1.8964133262634,1.9231269359589,1.9267632961273,1.9561268091202,1.9208310842514,1.9308013916016,1.885182261467,1.9490991830826,1.9579927921295,1.9342292547226,1.8941441774368,1.9000562429428,1.9025068283081,1.8462413549423,1.874685883522,1.8832329511642,1.8925037384033,1.9416289329529,1.9346626996994,1.9260456562042,1.9002213478088,1.9053667783737,1.8613742589951,1.9049496650696,1.8804533481598,1.8866925239563,1.8732748031616,1.870952963829,1.8907355070114,1.8888288736343,1.8853157758713,1.9592406749725,1.9352738857269,1.8611913919449,1.8973699808121,1.9244078397751,1.8694714307785,1.883140206337,1.8832839727402,1.8926894664764,1.9321485757828,1.9354790449142,1.9496632814407,1.9384484291077,1.8956273794174,1.8827203512192,1.9369230270386,1.8993486166,1.8884607553482,1.848113656044,1.8997325897217,1.9123256206512,1.9083578586578,1.9205414056778,1.9540235996246,1.8915433883667,1.9080981016159,1.9196002483368,1.8270535469055,1.8794037103653,1.8518096208572,1.8593990802765,1.8718507289886,1.8779205083847,1.8552935123444,1.8371820449829,1.8666319847107,1.8789722919464,1.8710454702377,1.8025039434433,1.8398376703262,1.8976588249207,1.8607193231583,1.8348478078842,1.820437669754,1.8061083555222,1.8562568426132,1.8772113323212,1.8608915805817,1.7937694787979,